;CO_TAZID,Index,TOTHH,HHPOP,HHSIZE,TOTEMP,RETEMP,INDEMP,OTHEMP,ALLEMP,RETL,FOOD,MANU,WSLE,OFFI,GVED,HLTH,OTHR,FM_AGRI,FM_MING,FM_CONS,HBJ,SEC_HOME,CABIN,CONDO,HOTEL,AVGINCOME,Enrol_Elem,Enrol_Midl,Enrol_High,Sub_Area,CO_FIPS,CO_NAME,DISTLRG,DLRG_NAME,DISTMED,DMED_NAME,DISTSML,DSML_NAME,CITY_NAME
39001,1,54.1,198.6,3.67,0.0,0.0,0.0,0.0,8.9,0.0,0.0,0.0,0.0,0.0,0.0,0.0,0.0,0.0,0.0,5.0,3.9,0,0,0,0,50078,0,0,0,0,39,SANPETE,1,North Sanpete County,1,Northwest Sanpete County,249,Fountain Green,Fountain Green
39002,2,63.5,158.1,2.49,0.0,0.0,0.0,0.0,15.4,0.0,0.0,0.0,0.0,0.0,0.0,0.0,0.0,5.8,0.0,5.0,4.6,0,0,0,0,50078,0,0,0,0,39,SANPETE,1,North Sanpete County,1,Northwest Sanpete County,249,Fountain Green,Fountain Green
39003,3,107.1,346.0,3.23,27.1,3.8,2.6,20.7,37.3,3.5,0.3,0.4,2.1,0.5,18.7,0.4,1.1,0.0,0.0,2.5,7.7,0,0,0,0,50078,147,0,0,0,39,SANPETE,1,North Sanpete County,1,Northwest Sanpete County,249,Fountain Green,Fountain Green
39004,4,84.3,244.1,2.90,30.5,1.5,0.9,28.1,47.9,1.0,0.6,0.7,0.2,3.2,14.2,8.7,1.9,0.0,0.0,11.3,6.1,0,0,0,0,50078,0,0,0,0,39,SANPETE,1,North Sanpete County,1,Northwest Sanpete County,249,Fountain Green,Fountain Green
39005,5,35.4,84.7,2.39,56.4,2.5,2.4,51.5,73.4,1.6,0.9,1.2,1.3,1.3,4.7,1.2,44.3,5.8,0.0,8.8,2.5,0,0,0,0,50078,0,0,0,0,39,SANPETE,1,North Sanpete County,1,Northwest Sanpete County,249,Fountain Green,Fountain Green
39006,6,33.6,149.9,4.46,0.0,0.0,0.0,0.0,13.5,0.0,0.0,0.0,0.0,0.0,0.0,0.0,0.0,2.3,0.0,8.8,2.4,0,0,0,0,50078,0,0,0,0,39,SANPETE,1,North Sanpete County,1,Northwest Sanpete County,249,Fountain Green,Fountain Green
39007,7,35.6,151.2,4.24,0.0,0.0,0.0,0.0,15.9,0.0,0.0,0.0,0.0,0.0,0.0,0.0,0.0,5.8,0.0,7.5,2.6,0,0,0,0,50078,0,0,0,0,39,SANPETE,1,North Sanpete County,1,Northwest Sanpete County,249,Fountain Green,Fountain Green
39008,8,74.9,246.6,3.29,0.0,0.0,0.0,0.0,10.4,0.0,0.0,0.0,0.0,0.0,0.0,0.0,0.0,0.0,0.0,5.0,5.4,0,0,0,0,50078,0,0,0,0,39,SANPETE,1,North Sanpete County,1,Northwest Sanpete County,249,Fountain Green,Fountain Green
39009,9,18.0,63.5,3.53,0.0,0.0,0.0,0.0,5.1,0.0,0.0,0.0,0.0,0.0,0.0,0.0,0.0,0.0,0.0,3.8,1.3,0,0,0,0,50078,0,0,0,0,39,SANPETE,1,North Sanpete County,1,Northwest Sanpete County,249,Fountain Green,Fountain Green
39010,10,0.0,0.0,0.00,0.0,0.0,0.0,0.0,11.6,0.0,0.0,0.0,0.0,0.0,0.0,0.0,0.0,11.6,0.0,0.0,0.0,0,0,0,0,50078,0,0,0,0,39,SANPETE,1,North Sanpete County,1,Northwest Sanpete County,246,Fountain Green Area,Balance of Sanpete
39011,11,0.0,0.0,0.00,0.0,0.0,0.0,0.0,11.6,0.0,0.0,0.0,0.0,0.0,0.0,0.0,0.0,11.6,0.0,0.0,0.0,0,0,0,0,50078,0,0,0,0,39,SANPETE,1,North Sanpete County,1,Northwest Sanpete County,246,Fountain Green Area,Balance of Sanpete
39012,12,0.0,0.0,0.00,0.0,0.0,0.0,0.0,11.6,0.0,0.0,0.0,0.0,0.0,0.0,0.0,0.0,11.6,0.0,0.0,0.0,0,0,0,0,50078,0,0,0,0,39,SANPETE,1,North Sanpete County,1,Northwest Sanpete County,246,Fountain Green Area,Balance of Sanpete
39013,13,5.5,6.8,1.24,0.0,0.0,0.0,0.0,14.5,0.0,0.0,0.0,0.0,0.0,0.0,0.0,0.0,11.6,0.0,2.5,0.4,0,0,0,0,50078,0,0,0,0,39,SANPETE,1,North Sanpete County,1,Northwest Sanpete County,246,Fountain Green Area,Balance of Sanpete
39014,14,3.7,18.5,4.98,0.0,0.0,0.0,0.0,14.8,0.0,0.0,0.0,0.0,0.0,0.0,0.0,0.0,13.3,0.0,1.3,0.3,0,0,0,0,50078,0,0,0,0,39,SANPETE,1,North Sanpete County,1,Northwest Sanpete County,246,Fountain Green Area,Balance of Sanpete
39015,15,7.3,22.8,3.14,0.0,0.0,0.0,0.0,13.4,0.0,0.0,0.0,0.0,0.0,0.0,0.0,0.0,11.6,0.0,1.3,0.5,0,0,0,0,50078,0,0,0,0,39,SANPETE,1,North Sanpete County,1,Northwest Sanpete County,246,Fountain Green Area,Balance of Sanpete
39016,16,7.3,30.6,4.21,0.0,0.0,0.0,0.0,8.8,0.0,0.0,0.0,0.0,0.0,0.0,0.0,0.0,5.8,0.0,2.5,0.5,0,0,0,0,50078,0,0,0,0,39,SANPETE,1,North Sanpete County,1,Northwest Sanpete County,246,Fountain Green Area,Balance of Sanpete
39017,17,254.8,729.1,2.86,197.8,3.6,3.9,190.4,262.7,2.2,1.3,1.7,2.2,1.8,55.1,12.1,121.3,26.6,0.0,20.0,18.3,0,0,0,0,58861,319,0,0,0,39,SANPETE,1,North Sanpete County,1,Northwest Sanpete County,264,Moroni,Moroni
39018,18,185.3,659.9,3.56,129.4,12.0,42.0,75.4,170.9,7.5,4.5,32.5,9.5,6.0,22.6,5.9,40.9,13.3,0.0,15.0,13.3,0,0,0,0,58861,0,0,0,0,39,SANPETE,1,North Sanpete County,1,Northwest Sanpete County,264,Moroni,Moroni
39019,19,116.1,424.7,3.66,28.9,19.7,2.0,7.2,52.2,19.0,0.7,0.8,1.2,0.9,3.3,0.9,2.2,0.0,0.0,15.0,8.3,0,0,0,0,58861,0,0,0,0,39,SANPETE,1,North Sanpete County,1,Northwest Sanpete County,264,Moroni,Moroni
39020,20,97.0,281.9,2.91,4.8,0.0,0.0,4.8,34.3,0.0,0.0,0.0,0.0,0.0,0.0,4.8,0.0,0.0,0.0,22.5,7.0,0,0,0,0,58861,0,0,0,0,39,SANPETE,1,North Sanpete County,1,Northwest Sanpete County,264,Moroni,Moroni
39021,21,3.7,12.8,3.44,0.0,0.0,0.0,0.0,7.3,0.0,0.0,0.0,0.0,0.0,0.0,0.0,0.0,5.8,0.0,1.3,0.3,0,0,0,0,50078,0,0,0,0,39,SANPETE,1,North Sanpete County,1,Northwest Sanpete County,254,Moroni Area,Balance of Sanpete
39022,22,6.0,20.8,3.44,0.0,0.0,0.0,0.0,13.3,0.0,0.0,0.0,0.0,0.0,0.0,0.0,0.0,11.6,0.0,1.3,0.4,0,0,0,0,50078,0,0,0,0,39,SANPETE,1,North Sanpete County,1,Northwest Sanpete County,254,Moroni Area,Balance of Sanpete
39023,23,23.7,121.4,5.11,37.1,5.0,11.8,20.4,69.5,3.1,1.9,2.3,9.4,2.5,9.3,2.4,6.2,23.2,0.0,7.5,1.7,0,0,0,0,50078,0,0,0,0,39,SANPETE,1,North Sanpete County,1,Northwest Sanpete County,254,Moroni Area,Balance of Sanpete
39024,24,5.5,16.1,2.93,0.0,0.0,0.0,0.0,8.7,0.0,0.0,0.0,0.0,0.0,0.0,0.0,0.0,5.8,0.0,2.5,0.4,0,0,0,0,50078,0,0,0,0,39,SANPETE,1,North Sanpete County,1,Northwest Sanpete County,254,Moroni Area,Balance of Sanpete
39025,25,38.8,112.4,2.89,0.0,0.0,0.0,0.0,12.8,0.0,0.0,0.0,0.0,0.0,0.0,0.0,0.0,0.0,0.0,10.0,2.8,0,0,0,0,58861,0,0,0,0,39,SANPETE,1,North Sanpete County,1,Northwest Sanpete County,254,Moroni Area,Balance of Sanpete
39026,26,11.9,50.5,4.25,10.8,0.0,0.0,10.8,27.1,0.0,0.0,0.0,0.0,0.0,0.0,0.0,10.8,11.6,0.0,3.8,0.9,0,0,0,0,58861,0,0,0,0,39,SANPETE,1,North Sanpete County,1,Northwest Sanpete County,254,Moroni Area,Balance of Sanpete
39027,27,10.8,36.5,3.37,0.0,0.0,0.0,0.0,14.9,0.0,0.0,0.0,0.0,0.0,0.0,0.0,0.0,11.6,0.0,2.5,0.8,0,0,0,0,58861,0,0,0,0,39,SANPETE,1,North Sanpete County,1,Northwest Sanpete County,254,Moroni Area,Balance of Sanpete
39028,28,0.0,0.0,0.00,447.7,9.3,400.4,38.0,523.2,5.9,3.4,399.0,1.4,4.6,17.4,4.5,11.5,75.5,0.0,0.0,0.0,0,0,0,0,58861,0,0,0,0,39,SANPETE,1,North Sanpete County,1,Northwest Sanpete County,254,Moroni Area,Balance of Sanpete
39029,29,17.9,60.8,3.40,104.6,6.6,4.0,94.0,121.3,4.1,2.4,3.1,1.0,3.2,48.1,23.5,19.2,11.6,0.0,3.8,1.3,0,0,0,0,58861,0,408,0,0,39,SANPETE,1,North Sanpete County,1,Northwest Sanpete County,254,Moroni Area,Balance of Sanpete
39030,30,5.2,9.9,1.91,410.5,0.0,410.5,0.0,429.5,0.0,0.0,410.5,0.0,0.0,0.0,0.0,0.0,17.4,0.0,1.3,0.4,0,0,0,0,58861,0,0,0,0,39,SANPETE,1,North Sanpete County,1,Northwest Sanpete County,254,Moroni Area,Balance of Sanpete
39031,31,5.2,13.4,2.59,0.0,0.0,0.0,0.0,19.1,0.0,0.0,0.0,0.0,0.0,0.0,0.0,0.0,17.4,0.0,1.3,0.4,0,0,0,0,50078,0,0,0,0,39,SANPETE,1,North Sanpete County,1,Northwest Sanpete County,254,Moroni Area,Balance of Sanpete
39032,32,1.9,5.4,2.93,0.0,0.0,0.0,0.0,18.8,0.0,0.0,0.0,0.0,0.0,0.0,0.0,0.0,17.4,0.0,1.3,0.1,0,0,0,0,50078,0,0,0,0,39,SANPETE,1,North Sanpete County,1,Northwest Sanpete County,254,Moroni Area,Balance of Sanpete
39033,33,6.0,19.2,3.19,0.0,0.0,0.0,0.0,19.1,0.0,0.0,0.0,0.0,0.0,0.0,0.0,0.0,17.4,0.0,1.3,0.4,0,0,0,0,50078,0,0,0,0,39,SANPETE,1,North Sanpete County,1,Northwest Sanpete County,254,Moroni Area,Balance of Sanpete
39034,34,16.4,36.1,2.20,4.1,0.0,4.1,0.0,24.0,0.0,0.0,4.1,0.0,0.0,0.0,0.0,0.0,17.4,0.0,1.3,1.2,0,0,0,0,50078,0,0,0,0,39,SANPETE,1,North Sanpete County,1,Northwest Sanpete County,254,Moroni Area,Balance of Sanpete
39035,35,62.7,143.8,2.29,64.6,1.2,0.7,62.7,71.6,0.7,0.5,0.6,0.2,0.6,60.0,0.6,1.5,0.0,0.0,2.5,4.5,0,0,0,0,50078,0,0,0,0,39,SANPETE,1,North Sanpete County,1,Northwest Sanpete County,269,Wales,Wales
39036,36,29.0,85.1,2.94,0.0,0.0,0.0,0.0,7.1,0.0,0.0,0.0,0.0,0.0,0.0,0.0,0.0,0.0,0.0,5.0,2.1,0,0,0,0,50078,0,0,0,0,39,SANPETE,1,North Sanpete County,1,Northwest Sanpete County,269,Wales,Wales
39037,37,36.0,126.6,3.52,89.7,5.6,7.2,76.9,96.1,3.5,2.1,2.6,4.6,2.8,10.5,2.7,60.9,0.0,0.0,3.8,2.6,0,0,0,0,50078,0,0,0,0,39,SANPETE,1,North Sanpete County,1,Northwest Sanpete County,269,Wales,Wales
39038,38,25.8,108.4,4.19,0.0,0.0,0.0,0.0,8.2,0.0,0.0,0.0,0.0,0.0,0.0,0.0,0.0,0.0,0.0,6.3,1.9,0,0,0,0,50078,0,0,0,0,39,SANPETE,1,North Sanpete County,1,Northwest Sanpete County,269,Wales,Wales
39039,39,15.7,54.8,3.49,0.0,0.0,0.0,0.0,4.9,0.0,0.0,0.0,0.0,0.0,0.0,0.0,0.0,0.0,0.0,3.8,1.1,0,0,0,0,50078,0,0,0,0,39,SANPETE,1,North Sanpete County,1,Northwest Sanpete County,267,Wales Area,Balance of Sanpete
39040,40,9.5,34.3,3.61,3.0,0.0,3.0,0.0,6.2,0.0,0.0,0.0,3.0,0.0,0.0,0.0,0.0,0.0,0.0,2.5,0.7,0,0,0,0,50078,0,0,0,0,39,SANPETE,1,North Sanpete County,1,Northwest Sanpete County,267,Wales Area,Balance of Sanpete
39041,41,0.0,0.0,0.00,0.0,0.0,0.0,0.0,0.0,0.0,0.0,0.0,0.0,0.0,0.0,0.0,0.0,0.0,0.0,0.0,0.0,0,0,0,0,50078,0,0,0,0,39,SANPETE,1,North Sanpete County,1,Northwest Sanpete County,267,Wales Area,Balance of Sanpete
39042,42,0.0,0.0,0.00,0.0,0.0,0.0,0.0,0.0,0.0,0.0,0.0,0.0,0.0,0.0,0.0,0.0,0.0,0.0,0.0,0.0,0,0,0,0,50078,0,0,0,0,39,SANPETE,1,North Sanpete County,1,Northwest Sanpete County,267,Wales Area,Balance of Sanpete
39043,43,1.9,3.5,1.91,0.0,0.0,0.0,0.0,1.4,0.0,0.0,0.0,0.0,0.0,0.0,0.0,0.0,0.0,0.0,1.3,0.1,0,0,0,0,50078,0,0,0,0,39,SANPETE,1,North Sanpete County,1,Northwest Sanpete County,267,Wales Area,Balance of Sanpete
39044,44,0.0,0.0,0.00,36.1,0.0,0.0,36.1,36.1,0.0,0.0,0.0,0.0,0.0,0.0,0.0,36.1,0.0,0.0,0.0,0.0,0,0,0,0,50078,0,0,0,0,39,SANPETE,1,North Sanpete County,1,Northwest Sanpete County,267,Wales Area,Balance of Sanpete
39045,45,0.0,0.0,0.00,0.0,0.0,0.0,0.0,0.0,0.0,0.0,0.0,0.0,0.0,0.0,0.0,0.0,0.0,0.0,0.0,0.0,0,0,0,0,50078,0,0,0,0,39,SANPETE,1,North Sanpete County,1,Northwest Sanpete County,267,Wales Area,Balance of Sanpete
39046,46,0.0,0.0,0.00,0.0,0.0,0.0,0.0,0.0,0.0,0.0,0.0,0.0,0.0,0.0,0.0,0.0,0.0,0.0,0.0,0.0,0,0,0,0,50078,0,0,0,0,39,SANPETE,1,North Sanpete County,1,Northwest Sanpete County,267,Wales Area,Balance of Sanpete
39047,47,0.0,0.0,0.00,0.0,0.0,0.0,0.0,0.0,0.0,0.0,0.0,0.0,0.0,0.0,0.0,0.0,0.0,0.0,0.0,0.0,0,0,0,0,50078,0,0,0,0,39,SANPETE,1,North Sanpete County,1,Northwest Sanpete County,267,Wales Area,Balance of Sanpete
39048,48,0.0,0.0,0.00,0.0,0.0,0.0,0.0,0.0,0.0,0.0,0.0,0.0,0.0,0.0,0.0,0.0,0.0,0.0,0.0,0.0,0,0,0,0,50078,0,0,0,0,39,SANPETE,1,North Sanpete County,1,Northwest Sanpete County,267,Wales Area,Balance of Sanpete
39049,49,34.3,70.0,2.04,4.3,0.1,0.1,4.1,20.6,0.1,0.0,0.1,0.0,0.1,0.2,0.1,3.8,0.0,0.0,13.8,2.5,0,0,0,0,53586,0,0,0,0,39,SANPETE,1,North Sanpete County,1,Northwest Sanpete County,266,Spring City,Spring City
39050,50,141.4,412.5,2.92,3.0,0.0,3.0,0.0,26.9,0.0,0.0,0.0,3.0,0.0,0.0,0.0,0.0,0.0,0.0,13.8,10.2,0,0,0,0,53586,0,0,0,0,39,SANPETE,1,North Sanpete County,1,Northwest Sanpete County,270,Spring City,Spring City
39051,51,78.2,157.1,2.01,21.8,7.2,0.0,14.6,32.4,4.0,3.2,0.0,0.0,0.0,0.0,0.0,14.6,0.0,0.0,5.0,5.6,0,0,0,0,53586,0,0,0,0,39,SANPETE,1,North Sanpete County,1,Northwest Sanpete County,270,Spring City,Spring City
39052,52,99.2,278.4,2.81,43.6,1.1,1.6,40.9,63.2,0.7,0.4,0.5,1.1,0.5,38.5,0.5,1.3,0.0,0.0,12.5,7.1,0,0,0,0,53586,157,0,0,0,39,SANPETE,1,North Sanpete County,1,Northwest Sanpete County,270,Spring City,Spring City
39053,53,141.1,384.3,2.72,22.4,3.1,2.6,16.7,42.5,1.9,1.2,2.1,0.4,1.6,5.8,1.5,7.8,0.0,0.0,10.0,10.1,0,0,0,0,53586,0,0,0,0,39,SANPETE,1,North Sanpete County,1,Northwest Sanpete County,270,Spring City,Spring City
39054,54,3.6,19.6,5.49,0.0,0.0,0.0,0.0,24.7,0.0,0.0,0.0,0.0,0.0,0.0,0.0,0.0,23.2,0.0,1.3,0.3,0,0,0,0,53586,0,0,0,0,39,SANPETE,1,North Sanpete County,1,Northwest Sanpete County,266,Spring City Area,Balance of Sanpete
39055,55,64.0,208.9,3.26,58.0,8.6,13.7,35.6,88.2,5.4,3.3,7.1,6.7,4.3,16.3,4.2,10.8,24.3,0.0,1.3,4.6,0,0,0,0,50078,0,0,0,0,39,SANPETE,1,North Sanpete County,1,Northwest Sanpete County,266,Spring City Area,Balance of Sanpete
39056,56,17.9,51.0,2.85,0.0,0.0,0.0,0.0,5.1,0.0,0.0,0.0,0.0,0.0,0.0,0.0,0.0,0.0,0.0,3.8,1.3,0,0,0,0,53586,0,0,0,0,39,SANPETE,1,North Sanpete County,1,Northwest Sanpete County,266,Spring City Area,Balance of Sanpete
39057,57,17.9,83.3,4.66,0.0,0.0,0.0,0.0,5.1,0.0,0.0,0.0,0.0,0.0,0.0,0.0,0.0,0.0,0.0,3.8,1.3,0,0,0,0,53586,0,0,0,0,39,SANPETE,1,North Sanpete County,1,Northwest Sanpete County,266,Spring City Area,Balance of Sanpete
39058,58,16.8,32.0,1.91,0.0,0.0,0.0,0.0,5.0,0.0,0.0,0.0,0.0,0.0,0.0,0.0,0.0,0.0,0.0,3.8,1.2,0,0,0,0,53586,0,0,0,0,39,SANPETE,1,North Sanpete County,1,Northwest Sanpete County,266,Spring City Area,Balance of Sanpete
39059,59,12.6,34.5,2.75,0.0,0.0,0.0,0.0,2.2,0.0,0.0,0.0,0.0,0.0,0.0,0.0,0.0,0.0,0.0,1.3,0.9,0,0,0,0,50078,0,0,0,0,39,SANPETE,1,North Sanpete County,1,Northwest Sanpete County,266,Spring City Area,Balance of Sanpete
39060,60,1.7,6.9,3.96,0.0,0.0,0.0,0.0,1.4,0.0,0.0,0.0,0.0,0.0,0.0,0.0,0.0,0.0,0.0,1.3,0.1,0,0,0,0,53586,0,0,0,0,39,SANPETE,1,North Sanpete County,1,Northwest Sanpete County,266,Spring City Area,Balance of Sanpete
39061,61,7.8,37.4,4.81,13.2,2.0,2.7,8.5,20.9,1.3,0.8,2.4,0.3,1.0,3.9,1.0,2.6,5.8,0.0,1.3,0.6,0,0,0,0,53586,0,0,0,0,39,SANPETE,1,North Sanpete County,1,Northwest Sanpete County,266,Spring City Area,Balance of Sanpete
39062,62,41.0,105.6,2.57,0.0,0.0,0.0,0.0,28.6,0.0,0.0,0.0,0.0,0.0,0.0,0.0,0.0,23.2,0.0,2.5,2.9,0,0,0,0,53586,0,0,0,0,39,SANPETE,1,North Sanpete County,1,Northwest Sanpete County,266,Spring City Area,Balance of Sanpete
39063,63,34.6,85.0,2.46,6.8,0.2,0.1,6.6,18.9,0.1,0.1,0.1,0.0,6.1,0.3,0.1,0.2,5.8,0.0,3.8,2.5,0,0,0,0,53586,0,0,0,0,39,SANPETE,1,North Sanpete County,1,Northwest Sanpete County,266,Spring City Area,Balance of Sanpete
39064,64,21.2,71.6,3.37,1.5,0.0,1.5,0.0,3.0,0.0,0.0,0.0,1.5,0.0,0.0,0.0,0.0,0.0,0.0,0.0,1.5,0,0,0,0,50078,0,0,0,0,39,SANPETE,1,North Sanpete County,1,Northwest Sanpete County,237,Balance of Sanpete,Balance of Sanpete
39065,65,39.7,116.4,2.93,39.7,4.3,2.7,32.7,86.2,2.7,1.6,2.0,0.6,2.1,8.1,2.1,20.4,34.8,0.0,8.8,2.9,0,0,0,0,50078,0,0,0,0,39,SANPETE,1,North Sanpete County,1,Northwest Sanpete County,237,Balance of Sanpete,Balance of Sanpete
39066,66,248.1,640.3,2.58,182.3,82.0,13.6,86.7,222.6,28.8,53.2,1.7,12.0,1.8,6.7,24.7,53.5,0.0,0.0,22.5,17.8,0,0,0,0,38187,0,0,0,0,39,SANPETE,1,North Sanpete County,2,Northeast Sanpete County,260,Mount Pleasant,Mount Pleasant
39067,67,476.8,1349.9,2.83,516.5,19.9,2.9,493.7,609.5,18.3,1.6,2.0,0.9,12.9,192.6,19.2,268.8,0.0,0.0,58.8,34.2,0,0,0,0,54055,0,0,0,0,39,SANPETE,1,North Sanpete County,2,Northeast Sanpete County,260,Mount Pleasant,Mount Pleasant
39068,68,382.6,1258.2,3.29,443.7,128.7,22.2,292.8,499.4,73.4,55.2,16.5,5.7,21.7,173.8,36.9,60.4,0.0,4.4,23.8,27.5,0,0,0,0,42161,451,0,0,0,39,SANPETE,1,North Sanpete County,2,Northeast Sanpete County,260,Mount Pleasant,Mount Pleasant
39069,69,409.8,1302.6,3.18,347.8,44.9,32.8,270.0,441.0,37.8,7.1,8.8,23.9,11.3,205.4,15.8,37.5,0.0,0.0,63.8,29.4,0,0,0,0,54285,0,0,725,0,39,SANPETE,1,North Sanpete County,2,Northeast Sanpete County,260,Mount Pleasant,Mount Pleasant
39070,70,12.2,35.9,2.94,244.1,63.2,2.1,178.9,247.5,61.9,1.3,1.6,0.5,18.1,6.5,150.1,4.3,0.0,0.0,2.5,0.9,0,0,0,0,50333,0,0,0,0,39,SANPETE,1,North Sanpete County,2,Northeast Sanpete County,260,Mount Pleasant,Mount Pleasant
39071,71,1.8,5.2,2.94,317.3,34.3,97.0,186.0,318.7,23.4,10.9,90.9,6.1,81.2,54.6,14.2,36.0,0.0,0.0,1.3,0.1,0,0,0,0,29893,0,0,0,0,39,SANPETE,1,North Sanpete County,2,Northeast Sanpete County,260,Mount Pleasant,Mount Pleasant
39072,72,69.3,124.5,1.80,94.2,11.9,7.3,75.0,127.7,7.4,4.5,5.6,1.7,31.9,22.4,5.8,14.8,5.8,11.4,11.3,5.0,0,0,0,0,50333,0,0,0,0,39,SANPETE,1,North Sanpete County,2,Northeast Sanpete County,253,Mount Pleasant Area,Balance of Sanpete
39073,73,40.1,93.9,2.34,48.2,0.2,0.1,47.9,52.4,0.1,0.1,0.1,0.0,0.1,0.4,0.1,47.3,0.0,0.0,1.3,2.9,0,0,0,0,50333,0,0,0,0,39,SANPETE,1,North Sanpete County,2,Northeast Sanpete County,253,Mount Pleasant Area,Balance of Sanpete
39074,74,37.1,102.4,2.76,0.0,0.0,0.0,0.0,12.2,0.0,0.0,0.0,0.0,0.0,0.0,0.0,0.0,5.8,0.0,3.8,2.7,0,0,0,0,29893,0,0,0,0,39,SANPETE,1,North Sanpete County,2,Northeast Sanpete County,253,Mount Pleasant Area,Balance of Sanpete
39075,75,45.7,103.2,2.26,13.0,1.3,0.8,11.0,17.6,0.8,0.5,0.6,0.2,0.6,8.2,0.6,1.6,0.0,0.0,1.3,3.3,0,0,0,0,50333,0,0,0,0,39,SANPETE,1,North Sanpete County,2,Northeast Sanpete County,253,Mount Pleasant Area,Balance of Sanpete
39076,76,0.0,0.0,0.00,0.0,0.0,0.0,0.0,0.0,0.0,0.0,0.0,0.0,0.0,0.0,0.0,0.0,0.0,0.0,0.0,0.0,0,0,0,0,50333,0,0,0,0,39,SANPETE,1,North Sanpete County,2,Northeast Sanpete County,253,Mount Pleasant Area,Balance of Sanpete
39077,77,36.4,135.0,3.71,12.3,2.1,1.3,8.9,51.9,1.3,0.8,1.0,0.3,1.1,4.1,1.1,2.7,23.2,0.0,13.8,2.6,0,0,0,0,29893,0,0,0,0,39,SANPETE,1,North Sanpete County,2,Northeast Sanpete County,253,Mount Pleasant Area,Balance of Sanpete
39078,78,15.7,50.4,3.21,4.0,0.7,0.4,2.9,20.5,0.4,0.3,0.3,0.1,0.4,1.3,0.3,0.9,11.6,0.0,3.8,1.1,0,0,0,0,29893,0,0,0,0,39,SANPETE,1,North Sanpete County,2,Northeast Sanpete County,253,Mount Pleasant Area,Balance of Sanpete
39079,79,5.2,25.8,4.98,4.0,0.7,0.4,2.9,17.3,0.4,0.3,0.3,0.1,0.4,1.3,0.3,0.9,11.6,0.0,1.3,0.4,0,0,0,0,29893,0,0,0,0,39,SANPETE,1,North Sanpete County,2,Northeast Sanpete County,253,Mount Pleasant Area,Balance of Sanpete
39080,80,9.5,24.3,2.55,4.0,0.7,0.4,2.9,6.0,0.4,0.3,0.3,0.1,0.4,1.3,0.3,0.9,0.0,0.0,1.3,0.7,0,0,0,0,50333,0,0,0,0,39,SANPETE,1,North Sanpete County,2,Northeast Sanpete County,253,Mount Pleasant Area,Balance of Sanpete
39081,81,8.4,24.6,2.93,0.0,0.0,0.0,0.0,1.9,0.0,0.0,0.0,0.0,0.0,0.0,0.0,0.0,0.0,0.0,1.3,0.6,0,0,0,0,29893,0,0,0,0,39,SANPETE,1,North Sanpete County,2,Northeast Sanpete County,253,Mount Pleasant Area,Balance of Sanpete
39082,82,13.5,35.9,2.65,11.1,1.9,1.2,8.0,14.6,1.2,0.7,0.9,0.3,1.0,3.6,1.0,2.4,0.0,0.0,2.5,1.0,0,0,0,0,50333,0,0,0,0,39,SANPETE,1,North Sanpete County,2,Northeast Sanpete County,253,Mount Pleasant Area,Balance of Sanpete
39083,83,40.2,195.3,4.86,182.0,181.2,0.1,0.7,187.4,173.7,7.5,0.1,0.0,0.1,0.3,0.1,0.2,0.0,0.0,2.5,2.9,0,0,0,0,50333,0,0,0,0,39,SANPETE,1,North Sanpete County,2,Northeast Sanpete County,253,Mount Pleasant Area,Balance of Sanpete
39084,84,83.7,247.5,2.96,78.4,40.5,2.5,35.4,100.7,2.6,37.9,1.9,0.6,2.0,23.0,2.0,8.4,0.0,0.0,16.3,6.0,0,0,0,0,75281,0,0,0,0,39,SANPETE,1,North Sanpete County,2,Northeast Sanpete County,248,Fairview,Fairview
39085,85,25.7,53.9,2.10,15.2,2.6,1.5,11.0,22.0,1.6,1.0,1.2,0.3,1.4,5.0,1.3,3.3,0.0,0.0,5.0,1.8,0,0,0,0,84417,0,0,0,0,39,SANPETE,1,North Sanpete County,2,Northeast Sanpete County,248,Fairview,Fairview
39086,86,118.6,284.7,2.40,71.2,40.9,0.5,29.7,85.9,26.1,14.8,0.4,0.1,0.5,27.7,0.4,1.1,0.0,0.0,6.3,8.5,0,0,0,0,72695,265,0,0,0,39,SANPETE,1,North Sanpete County,2,Northeast Sanpete County,248,Fairview,Fairview
39087,87,73.7,201.6,2.73,57.1,4.8,2.9,49.4,76.2,3.0,1.8,2.2,0.7,2.4,9.0,2.3,35.8,0.0,0.0,13.8,5.3,0,0,0,0,84417,0,0,0,0,39,SANPETE,1,North Sanpete County,2,Northeast Sanpete County,248,Fairview,Fairview
39088,88,89.1,276.1,3.10,22.3,3.1,4.1,15.0,46.2,2.5,0.6,0.8,3.4,0.8,3.1,0.8,10.3,0.0,0.0,17.5,6.4,0,0,0,0,45586,0,0,0,0,39,SANPETE,1,North Sanpete County,2,Northeast Sanpete County,248,Fairview,Fairview
39089,89,180.0,532.3,2.96,300.5,8.2,5.6,286.8,319.7,5.1,3.1,3.8,1.7,249.9,18.9,6.6,11.4,0.0,0.0,6.3,12.9,0,0,0,0,52289,0,0,0,0,39,SANPETE,1,North Sanpete County,2,Northeast Sanpete County,248,Fairview,Fairview
39090,90,14.2,41.8,2.93,0.0,0.0,0.0,0.0,29.2,0.0,0.0,0.0,0.0,0.0,0.0,0.0,0.0,23.2,0.0,5.0,1.0,0,0,0,0,84417,0,0,0,0,39,SANPETE,1,North Sanpete County,2,Northeast Sanpete County,239,Fairview Area,Balance of Sanpete
39091,91,20.1,111.3,5.55,0.0,0.0,0.0,0.0,14.3,0.0,0.0,0.0,0.0,0.0,0.0,0.0,0.0,11.6,0.0,1.3,1.4,0,0,0,0,84417,0,0,0,0,39,SANPETE,1,North Sanpete County,2,Northeast Sanpete County,239,Fairview Area,Balance of Sanpete
39092,92,11.6,40.4,3.50,0.0,0.0,0.0,0.0,13.7,0.0,0.0,0.0,0.0,0.0,0.0,0.0,0.0,11.6,0.0,1.3,0.8,0,0,0,0,84417,0,0,0,0,39,SANPETE,1,North Sanpete County,2,Northeast Sanpete County,239,Fairview Area,Balance of Sanpete
39093,93,7.3,36.1,4.98,0.0,0.0,0.0,0.0,13.4,0.0,0.0,0.0,0.0,0.0,0.0,0.0,0.0,11.6,0.0,1.3,0.5,0,0,0,0,84417,0,0,0,0,39,SANPETE,1,North Sanpete County,2,Northeast Sanpete County,239,Fairview Area,Balance of Sanpete
39094,94,20.1,81.7,4.07,0.0,0.0,0.0,0.0,14.3,0.0,0.0,0.0,0.0,0.0,0.0,0.0,0.0,11.6,0.0,1.3,1.4,0,0,0,0,84417,0,0,0,0,39,SANPETE,1,North Sanpete County,2,Northeast Sanpete County,239,Fairview Area,Balance of Sanpete
39095,95,7.8,32.1,4.10,0.0,0.0,0.0,0.0,0.6,0.0,0.0,0.0,0.0,0.0,0.0,0.0,0.0,0.0,0.0,0.0,0.6,0,0,0,0,84417,0,0,0,0,39,SANPETE,1,North Sanpete County,2,Northeast Sanpete County,239,Fairview Area,Balance of Sanpete
39096,96,88.4,233.5,2.64,0.0,0.0,0.0,0.0,11.3,0.0,0.0,0.0,0.0,0.0,0.0,0.0,0.0,0.0,0.0,5.0,6.3,0,0,0,0,84417,0,0,0,0,39,SANPETE,1,North Sanpete County,2,Northeast Sanpete County,239,Fairview Area,Balance of Sanpete
39097,97,0.0,0.0,0.00,0.0,0.0,0.0,0.0,5.8,0.0,0.0,0.0,0.0,0.0,0.0,0.0,0.0,5.8,0.0,0.0,0.0,0,0,0,0,45586,0,0,0,0,39,SANPETE,1,North Sanpete County,2,Northeast Sanpete County,239,Fairview Area,Balance of Sanpete
39098,98,8.5,18.7,2.20,0.0,0.0,0.0,0.0,7.6,0.0,0.0,0.0,0.0,0.0,0.0,0.0,0.0,5.8,0.0,1.3,0.6,0,0,0,0,45586,0,0,0,0,39,SANPETE,1,North Sanpete County,2,Northeast Sanpete County,239,Fairview Area,Balance of Sanpete
39099,99,1.7,6.7,3.96,0.0,0.0,0.0,0.0,5.9,0.0,0.0,0.0,0.0,0.0,0.0,0.0,0.0,5.8,0.0,0.0,0.1,0,0,0,0,45586,0,0,0,0,39,SANPETE,1,North Sanpete County,2,Northeast Sanpete County,239,Fairview Area,Balance of Sanpete
39100,100,17.1,38.2,2.23,0.0,0.0,0.0,0.0,8.2,0.0,0.0,0.0,0.0,0.0,0.0,0.0,0.0,5.8,0.0,1.3,1.2,0,0,0,0,84417,0,0,0,0,39,SANPETE,1,North Sanpete County,2,Northeast Sanpete County,239,Fairview Area,Balance of Sanpete
39101,101,3.3,9.8,2.93,0.0,0.0,0.0,0.0,7.2,0.0,0.0,0.0,0.0,0.0,0.0,0.0,0.0,5.8,0.0,1.3,0.2,0,0,0,0,45586,0,0,0,0,39,SANPETE,1,North Sanpete County,2,Northeast Sanpete County,239,Fairview Area,Balance of Sanpete
39102,102,21.9,72.0,3.29,0.0,0.0,0.0,0.0,2.9,0.0,0.0,0.0,0.0,0.0,0.0,0.0,0.0,0.0,0.0,1.3,1.6,0,0,0,0,84417,0,0,0,0,39,SANPETE,1,North Sanpete County,2,Northeast Sanpete County,239,Fairview Area,Balance of Sanpete
39103,103,5.8,17.0,2.93,0.0,0.0,0.0,0.0,7.4,0.0,0.0,0.0,0.0,0.0,0.0,0.0,0.0,5.8,0.0,1.3,0.4,0,0,0,0,45586,0,0,0,0,39,SANPETE,1,North Sanpete County,2,Northeast Sanpete County,239,Fairview Area,Balance of Sanpete
39104,104,34.8,166.1,4.77,0.0,0.0,0.0,0.0,25.7,0.0,0.0,0.0,0.0,0.0,0.0,0.0,0.0,23.2,0.0,0.0,2.5,0,0,0,0,59444,0,0,0,0,39,SANPETE,1,North Sanpete County,2,Northeast Sanpete County,237,Balance of Sanpete,Balance of Sanpete
39105,105,32.7,70.7,2.17,0.0,0.0,0.0,0.0,7.3,0.0,0.0,0.0,0.0,0.0,0.0,0.0,0.0,0.0,0.0,5.0,2.3,0,0,0,0,84417,0,0,0,0,39,SANPETE,1,North Sanpete County,2,Northeast Sanpete County,237,Balance of Sanpete,Balance of Sanpete
39106,106,0.0,0.0,0.00,0.0,0.0,0.0,0.0,0.0,0.0,0.0,0.0,0.0,0.0,0.0,0.0,0.0,0.0,0.0,0.0,0.0,0,0,0,0,50078,0,0,0,0,39,SANPETE,1,North Sanpete County,2,Northeast Sanpete County,237,Balance of Sanpete,Balance of Sanpete
39107,107,0.0,0.0,0.00,0.0,0.0,0.0,0.0,0.0,0.0,0.0,0.0,0.0,0.0,0.0,0.0,0.0,0.0,0.0,0.0,0.0,0,0,0,0,84417,0,0,0,0,39,SANPETE,1,North Sanpete County,2,Northeast Sanpete County,237,Balance of Sanpete,Balance of Sanpete
39108,108,3.0,15.9,5.32,0.0,0.0,0.0,0.0,0.2,0.0,0.0,0.0,0.0,0.0,0.0,0.0,0.0,0.0,0.0,0.0,0.2,0,0,0,0,29893,0,0,0,0,39,SANPETE,1,North Sanpete County,2,Northeast Sanpete County,237,Balance of Sanpete,Balance of Sanpete
39109,109,1.0,4.0,3.96,0.0,0.0,0.0,0.0,0.1,0.0,0.0,0.0,0.0,0.0,0.0,0.0,0.0,0.0,0.0,0.0,0.1,0,0,0,0,84417,0,0,0,0,39,SANPETE,1,North Sanpete County,2,Northeast Sanpete County,237,Balance of Sanpete,Balance of Sanpete
39110,110,4.2,9.2,2.20,0.0,0.0,0.0,0.0,1.6,0.0,0.0,0.0,0.0,0.0,0.0,0.0,0.0,0.0,0.0,1.3,0.3,0,0,0,0,84417,0,0,0,0,39,SANPETE,1,North Sanpete County,2,Northeast Sanpete County,237,Balance of Sanpete,Balance of Sanpete
39111,111,101.7,294.0,2.89,0.0,0.0,0.0,0.0,8.6,0.0,0.0,0.0,0.0,0.0,0.0,0.0,0.0,0.0,0.0,1.3,7.3,0,0,0,0,84417,0,0,0,0,39,SANPETE,1,North Sanpete County,2,Northeast Sanpete County,237,Balance of Sanpete,Balance of Sanpete
39112,112,0.0,0.0,0.00,0.0,0.0,0.0,0.0,0.0,0.0,0.0,0.0,0.0,0.0,0.0,0.0,0.0,0.0,0.0,0.0,0.0,0,0,0,0,84417,0,0,0,0,39,SANPETE,1,North Sanpete County,2,Northeast Sanpete County,237,Balance of Sanpete,Balance of Sanpete
39113,113,13.7,52.8,3.85,0.0,0.0,0.0,0.0,3.5,0.0,0.0,0.0,0.0,0.0,0.0,0.0,0.0,0.0,0.0,2.5,1.0,0,0,0,0,50333,0,0,0,0,39,SANPETE,1,North Sanpete County,2,Northeast Sanpete County,237,Balance of Sanpete,Balance of Sanpete
39114,114,0.0,0.0,0.00,0.0,0.0,0.0,0.0,0.0,0.0,0.0,0.0,0.0,0.0,0.0,0.0,0.0,0.0,0.0,0.0,0.0,0,0,0,0,50333,0,0,0,0,39,SANPETE,1,North Sanpete County,2,Northeast Sanpete County,237,Balance of Sanpete,Balance of Sanpete
39115,115,1.6,4.8,2.93,0.0,0.0,0.0,0.0,0.1,0.0,0.0,0.0,0.0,0.0,0.0,0.0,0.0,0.0,0.0,0.0,0.1,0,0,0,0,50333,0,0,0,0,39,SANPETE,1,North Sanpete County,2,Northeast Sanpete County,237,Balance of Sanpete,Balance of Sanpete
39116,116,29.2,68.1,2.33,0.0,0.0,0.0,0.0,2.1,0.0,0.0,0.0,0.0,0.0,0.0,0.0,0.0,0.0,0.0,0.0,2.1,0,0,0,0,53586,0,0,0,0,39,SANPETE,1,North Sanpete County,2,Northeast Sanpete County,237,Balance of Sanpete,Balance of Sanpete
39117,117,0.0,0.0,0.00,274.6,264.4,1.3,8.9,274.6,263.6,0.8,1.0,0.3,1.1,4.1,1.1,2.7,0.0,0.0,0.0,0.0,0,0,0,0,78895,0,0,0,0,39,SANPETE,2,South Sanpete County,3,Southeast Sanpete County,278,Ephraim,Ephraim
39118,118,213.8,605.8,2.83,368.5,31.3,64.4,272.8,420.2,23.6,7.6,57.6,6.8,20.3,130.2,74.5,47.9,0.0,0.0,36.3,15.4,0,0,0,0,52971,0,0,0,0,39,SANPETE,2,South Sanpete County,3,Southeast Sanpete County,278,Ephraim,Ephraim
39119,119,424.7,894.3,2.11,445.0,178.7,20.7,245.6,537.9,66.1,112.6,12.0,8.7,22.9,96.7,11.0,114.9,34.8,0.0,27.5,30.5,0,0,0,0,45440,0,0,0,0,39,SANPETE,2,South Sanpete County,3,Southeast Sanpete County,278,Ephraim,Ephraim
39120,120,118.8,422.3,3.56,0.0,0.0,0.0,0.0,41.0,0.0,0.0,0.0,0.0,0.0,0.0,0.0,0.0,0.0,0.0,32.5,8.5,0,0,0,0,53802,0,0,0,0,39,SANPETE,2,South Sanpete County,3,Southeast Sanpete County,278,Ephraim,Ephraim
39121,121,434.0,1177.9,2.71,1687.9,80.8,12.0,1595.2,1744.1,30.3,50.5,9.1,2.9,21.9,1234.5,25.5,313.2,0.0,0.0,25.0,31.2,0,0,0,0,37392,0,0,0,0,39,SANPETE,2,South Sanpete County,3,Southeast Sanpete County,278,Ephraim,Ephraim
39122,122,361.1,1016.6,2.82,149.2,10.4,4.5,134.3,205.1,4.6,5.8,3.4,1.1,5.8,40.1,3.6,84.8,0.0,0.0,30.0,25.9,0,0,0,0,45964,0,0,0,0,39,SANPETE,2,South Sanpete County,3,Southeast Sanpete County,278,Ephraim,Ephraim
39123,123,265.7,825.1,3.10,424.6,123.7,36.9,263.9,480.0,90.3,33.4,14.6,22.4,40.8,49.1,56.8,117.3,0.0,0.0,36.3,19.1,0,0,0,0,45893,0,0,0,0,39,SANPETE,2,South Sanpete County,3,Southeast Sanpete County,278,Ephraim,Ephraim
39124,124,238.3,954.6,4.01,630.6,121.1,53.9,455.5,684.0,67.1,54.0,30.2,23.7,69.3,170.0,57.7,158.5,0.0,0.0,36.3,17.1,0,0,0,0,53802,525,510,0,0,39,SANPETE,2,South Sanpete County,3,Southeast Sanpete County,278,Ephraim,Ephraim
39125,125,230.0,804.7,3.50,146.7,24.7,14.8,107.2,198.2,15.1,9.6,11.4,3.4,13.1,47.0,12.3,34.9,0.0,0.0,35.0,16.5,0,0,0,0,53802,0,0,0,0,39,SANPETE,2,South Sanpete County,3,Southeast Sanpete County,278,Ephraim,Ephraim
39126,126,3.0,7.3,2.42,0.0,0.0,0.0,0.0,1.5,0.0,0.0,0.0,0.0,0.0,0.0,0.0,0.0,0.0,0.0,1.3,0.2,0,0,0,0,78895,0,0,0,0,39,SANPETE,2,South Sanpete County,3,Southeast Sanpete County,275,Ephraim Area,Balance of Sanpete
39127,127,0.0,0.0,0.00,0.0,0.0,0.0,0.0,0.0,0.0,0.0,0.0,0.0,0.0,0.0,0.0,0.0,0.0,0.0,0.0,0.0,0,0,0,0,53802,0,0,0,0,39,SANPETE,2,South Sanpete County,3,Southeast Sanpete County,275,Ephraim Area,Balance of Sanpete
39128,128,1.7,4.9,2.93,0.0,0.0,0.0,0.0,0.1,0.0,0.0,0.0,0.0,0.0,0.0,0.0,0.0,0.0,0.0,0.0,0.1,0,0,0,0,78895,0,0,0,0,39,SANPETE,2,South Sanpete County,3,Southeast Sanpete County,275,Ephraim Area,Balance of Sanpete
39129,129,1.7,4.9,2.93,0.0,0.0,0.0,0.0,0.1,0.0,0.0,0.0,0.0,0.0,0.0,0.0,0.0,0.0,0.0,0.0,0.1,0,0,0,0,78895,0,0,0,0,39,SANPETE,2,South Sanpete County,3,Southeast Sanpete County,275,Ephraim Area,Balance of Sanpete
39130,130,66.4,248.2,3.74,48.5,18.8,12.5,17.2,54.5,17.3,1.6,2.0,10.5,2.1,7.9,2.0,5.2,0.0,0.0,1.3,4.8,0,0,0,0,53802,0,0,0,0,39,SANPETE,2,South Sanpete County,3,Southeast Sanpete County,275,Ephraim Area,Balance of Sanpete
39131,131,2.1,7.3,3.44,0.0,0.0,0.0,0.0,0.2,0.0,0.0,0.0,0.0,0.0,0.0,0.0,0.0,0.0,0.0,0.0,0.2,0,0,0,0,53802,0,0,0,0,39,SANPETE,2,South Sanpete County,3,Southeast Sanpete County,275,Ephraim Area,Balance of Sanpete
39132,132,6.0,16.2,2.68,0.0,0.0,0.0,0.0,1.7,0.0,0.0,0.0,0.0,0.0,0.0,0.0,0.0,0.0,0.0,1.3,0.4,0,0,0,0,78895,0,0,0,0,39,SANPETE,2,South Sanpete County,3,Southeast Sanpete County,275,Ephraim Area,Balance of Sanpete
39133,133,1.7,4.9,2.93,0.0,0.0,0.0,0.0,0.1,0.0,0.0,0.0,0.0,0.0,0.0,0.0,0.0,0.0,0.0,0.0,0.1,0,0,0,0,78895,0,0,0,0,39,SANPETE,2,South Sanpete County,3,Southeast Sanpete County,275,Ephraim Area,Balance of Sanpete
39134,134,0.0,0.0,0.00,0.0,0.0,0.0,0.0,0.0,0.0,0.0,0.0,0.0,0.0,0.0,0.0,0.0,0.0,0.0,0.0,0.0,0,0,0,0,78895,0,0,0,0,39,SANPETE,2,South Sanpete County,3,Southeast Sanpete County,275,Ephraim Area,Balance of Sanpete
39135,135,0.0,0.0,0.00,11.1,1.9,1.2,8.0,11.1,1.2,0.7,0.9,0.3,1.0,3.6,1.0,2.4,0.0,0.0,0.0,0.0,0,0,0,0,78895,0,0,0,0,39,SANPETE,2,South Sanpete County,3,Southeast Sanpete County,275,Ephraim Area,Balance of Sanpete
39136,136,21.9,65.0,2.98,1.0,0.2,0.1,0.7,6.4,0.1,0.1,0.1,0.0,0.1,0.3,0.1,0.2,0.0,0.0,3.8,1.6,0,0,0,0,53802,0,0,0,0,39,SANPETE,2,South Sanpete County,3,Southeast Sanpete County,275,Ephraim Area,Balance of Sanpete
39137,137,9.5,26.2,2.76,1.0,0.2,0.1,0.7,4.2,0.1,0.1,0.1,0.0,0.1,0.3,0.1,0.2,0.0,0.0,2.5,0.7,0,0,0,0,78895,0,0,0,0,39,SANPETE,2,South Sanpete County,3,Southeast Sanpete County,275,Ephraim Area,Balance of Sanpete
39138,138,1.6,3.1,1.91,3.2,0.6,0.3,2.3,3.3,0.3,0.2,0.3,0.1,0.3,1.0,0.3,0.7,0.0,0.0,0.0,0.1,0,0,0,0,78895,0,0,0,0,39,SANPETE,2,South Sanpete County,3,Southeast Sanpete County,275,Ephraim Area,Balance of Sanpete
39139,139,0.0,0.0,0.00,60.5,10.4,6.2,43.9,60.5,6.3,4.1,4.8,1.4,5.6,19.9,5.3,13.1,0.0,0.0,0.0,0.0,0,0,0,0,78895,0,0,0,0,39,SANPETE,2,South Sanpete County,3,Southeast Sanpete County,275,Ephraim Area,Balance of Sanpete
39140,140,12.1,49.8,4.13,0.0,0.0,0.0,0.0,0.9,0.0,0.0,0.0,0.0,0.0,0.0,0.0,0.0,0.0,0.0,0.0,0.9,0,0,0,0,53802,0,0,0,0,39,SANPETE,2,South Sanpete County,3,Southeast Sanpete County,275,Ephraim Area,Balance of Sanpete
39141,141,0.0,0.0,0.00,0.0,0.0,0.0,0.0,0.0,0.0,0.0,0.0,0.0,0.0,0.0,0.0,0.0,0.0,0.0,0.0,0.0,0,0,0,0,78895,0,0,0,0,39,SANPETE,2,South Sanpete County,3,Southeast Sanpete County,275,Ephraim Area,Balance of Sanpete
39142,142,0.0,0.0,0.00,12.8,2.2,1.3,9.3,12.8,1.3,0.9,1.0,0.3,1.2,4.2,1.1,2.8,0.0,0.0,0.0,0.0,0,0,0,0,78895,0,0,0,0,39,SANPETE,2,South Sanpete County,3,Southeast Sanpete County,275,Ephraim Area,Balance of Sanpete
39143,143,107.4,287.5,2.68,200.2,31.8,11.1,157.3,211.7,25.1,6.7,8.5,2.7,36.0,34.0,8.8,78.5,0.0,0.0,3.8,7.7,0,0,0,0,78895,0,0,0,0,39,SANPETE,2,South Sanpete County,3,Southeast Sanpete County,275,Ephraim Area,Balance of Sanpete
39144,144,2.9,7.0,2.42,0.0,0.0,0.0,0.0,1.5,0.0,0.0,0.0,0.0,0.0,0.0,0.0,0.0,0.0,0.0,1.3,0.2,0,0,0,0,78895,0,0,0,0,39,SANPETE,2,South Sanpete County,3,Southeast Sanpete County,275,Ephraim Area,Balance of Sanpete
39145,145,8.1,18.8,2.32,0.0,0.0,0.0,0.0,3.1,0.0,0.0,0.0,0.0,0.0,0.0,0.0,0.0,0.0,0.0,2.5,0.6,0,0,0,0,78895,0,0,0,0,39,SANPETE,2,South Sanpete County,3,Southeast Sanpete County,275,Ephraim Area,Balance of Sanpete
39146,146,128.6,394.2,3.07,0.0,0.0,0.0,0.0,11.7,0.0,0.0,0.0,0.0,0.0,0.0,0.0,0.0,0.0,0.0,2.5,9.2,0,0,0,0,53802,0,0,0,0,39,SANPETE,2,South Sanpete County,3,Southeast Sanpete County,275,Ephraim Area,Balance of Sanpete
39147,147,183.1,594.4,3.25,253.0,13.3,10.7,229.0,321.7,8.3,5.0,6.2,4.6,6.7,88.4,6.5,127.4,11.6,0.0,43.8,13.2,0,0,0,0,49715,0,0,690,0,39,SANPETE,2,South Sanpete County,3,Southeast Sanpete County,287,Manti,Manti
39148,148,32.2,94.9,2.95,0.0,0.0,0.0,0.0,21.3,0.0,0.0,0.0,0.0,0.0,0.0,0.0,0.0,7.7,0.0,11.3,2.3,0,0,0,0,51790,0,0,0,0,39,SANPETE,2,South Sanpete County,3,Southeast Sanpete County,287,Manti,Manti
39149,149,327.6,950.8,2.90,391.0,87.1,26.4,277.5,460.2,24.6,62.6,21.1,5.3,61.0,104.2,30.3,82.0,23.2,0.0,22.5,23.5,0,0,0,0,48358,386,0,0,0,39,SANPETE,2,South Sanpete County,3,Southeast Sanpete County,287,Manti,Manti
39150,150,280.2,783.8,2.80,500.4,71.8,16.4,412.2,546.3,47.5,24.3,9.2,7.2,61.8,274.1,17.1,59.3,5.8,0.0,20.0,20.1,0,0,0,0,51790,0,0,0,0,39,SANPETE,2,South Sanpete County,3,Southeast Sanpete County,287,Manti,Manti
39151,151,330.8,1077.1,3.26,128.1,43.5,2.7,81.9,202.0,2.7,40.8,2.0,0.6,2.2,16.8,2.1,60.8,23.2,4.4,22.5,23.8,0,0,0,0,48358,0,0,0,0,39,SANPETE,2,South Sanpete County,3,Southeast Sanpete County,287,Manti,Manti
39152,152,281.2,727.3,2.59,48.5,27.3,9.6,11.6,94.5,1.5,25.8,1.1,8.5,1.2,4.4,3.1,2.9,5.8,0.0,20.0,20.2,0,0,0,0,51790,0,0,0,0,39,SANPETE,2,South Sanpete County,3,Southeast Sanpete County,287,Manti,Manti
39153,153,47.4,180.2,3.80,0.0,0.0,0.0,0.0,7.2,0.0,0.0,0.0,0.0,0.0,0.0,0.0,0.0,0.0,0.0,3.8,3.4,0,0,0,0,51790,0,0,0,0,39,SANPETE,2,South Sanpete County,3,Southeast Sanpete County,287,Manti,Manti
39154,154,18.0,53.1,2.95,47.4,8.2,4.8,34.4,73.7,5.0,3.2,3.7,1.1,4.4,15.6,4.1,10.3,0.0,0.0,25.0,1.3,0,0,0,0,51790,0,0,0,0,39,SANPETE,2,South Sanpete County,3,Southeast Sanpete County,287,Manti,Manti
39155,155,2.9,8.5,2.93,0.0,0.0,0.0,0.0,41.3,0.0,0.0,0.0,0.0,0.0,0.0,0.0,0.0,39.9,0.0,1.3,0.2,0,0,0,0,78895,0,0,0,0,39,SANPETE,2,South Sanpete County,3,Southeast Sanpete County,286,Manti Area,Balance of Sanpete
39156,156,2.9,8.5,2.93,0.0,0.0,0.0,0.0,9.2,0.0,0.0,0.0,0.0,0.0,0.0,0.0,0.0,7.7,0.0,1.3,0.2,0,0,0,0,78895,0,0,0,0,39,SANPETE,2,South Sanpete County,3,Southeast Sanpete County,286,Manti Area,Balance of Sanpete
39157,157,2.9,10.0,3.44,16.3,0.0,16.3,0.0,25.5,0.0,0.0,0.0,16.3,0.0,0.0,0.0,0.0,7.7,0.0,1.3,0.2,0,0,0,0,78895,0,0,0,0,39,SANPETE,2,South Sanpete County,3,Southeast Sanpete County,286,Manti Area,Balance of Sanpete
39158,158,0.0,0.0,0.00,0.0,0.0,0.0,0.0,7.7,0.0,0.0,0.0,0.0,0.0,0.0,0.0,0.0,7.7,0.0,0.0,0.0,0,0,0,0,51790,0,0,0,0,39,SANPETE,2,South Sanpete County,3,Southeast Sanpete County,286,Manti Area,Balance of Sanpete
39159,159,0.0,0.0,0.00,0.0,0.0,0.0,0.0,7.7,0.0,0.0,0.0,0.0,0.0,0.0,0.0,0.0,7.7,0.0,0.0,0.0,0,0,0,0,48358,0,0,0,0,39,SANPETE,2,South Sanpete County,3,Southeast Sanpete County,286,Manti Area,Balance of Sanpete
39160,160,0.0,0.0,0.00,5.7,0.0,0.0,5.7,13.5,0.0,0.0,0.0,0.0,0.0,0.0,5.7,0.0,7.7,0.0,0.0,0.0,0,0,0,0,78895,0,0,0,0,39,SANPETE,2,South Sanpete County,3,Southeast Sanpete County,286,Manti Area,Balance of Sanpete
39161,161,20.8,61.8,2.98,18.2,16.6,0.1,1.4,28.6,0.1,16.5,0.1,0.0,0.1,0.3,0.9,0.2,7.7,0.0,1.3,1.5,0,0,0,0,51790,0,0,0,0,39,SANPETE,2,South Sanpete County,3,Southeast Sanpete County,286,Manti Area,Balance of Sanpete
39162,162,5.4,8.5,1.57,63.0,51.4,1.5,10.0,73.6,1.5,49.9,1.1,0.4,1.2,4.6,1.2,3.0,7.7,0.0,2.5,0.4,0,0,0,0,48358,0,0,0,0,39,SANPETE,2,South Sanpete County,3,Southeast Sanpete County,286,Manti Area,Balance of Sanpete
39163,163,0.0,0.0,0.00,0.0,0.0,0.0,0.0,7.7,0.0,0.0,0.0,0.0,0.0,0.0,0.0,0.0,7.7,0.0,0.0,0.0,0,0,0,0,48358,0,0,0,0,39,SANPETE,2,South Sanpete County,3,Southeast Sanpete County,286,Manti Area,Balance of Sanpete
39164,164,3.6,10.6,2.93,0.0,0.0,0.0,0.0,3.5,0.0,0.0,0.0,0.0,0.0,0.0,0.0,0.0,1.9,0.0,1.3,0.3,0,0,0,0,48358,0,0,0,0,39,SANPETE,2,South Sanpete County,3,Southeast Sanpete County,286,Manti Area,Balance of Sanpete
39165,165,6.8,39.0,5.74,0.0,0.0,0.0,0.0,4.9,0.0,0.0,0.0,0.0,0.0,0.0,0.0,0.0,1.9,0.0,2.5,0.5,0,0,0,0,48358,0,0,0,0,39,SANPETE,2,South Sanpete County,3,Southeast Sanpete County,286,Manti Area,Balance of Sanpete
39166,166,5.2,15.2,2.93,0.0,0.0,0.0,0.0,4.8,0.0,0.0,0.0,0.0,0.0,0.0,0.0,0.0,1.9,0.0,2.5,0.4,0,0,0,0,48358,0,0,0,0,39,SANPETE,2,South Sanpete County,3,Southeast Sanpete County,286,Manti Area,Balance of Sanpete
39167,167,11.1,26.0,2.35,0.0,0.0,0.0,0.0,6.5,0.0,0.0,0.0,0.0,0.0,0.0,0.0,0.0,1.9,0.0,3.8,0.8,0,0,0,0,48358,0,0,0,0,39,SANPETE,2,South Sanpete County,3,Southeast Sanpete County,286,Manti Area,Balance of Sanpete
39168,168,0.0,0.0,0.00,0.0,0.0,0.0,0.0,1.9,0.0,0.0,0.0,0.0,0.0,0.0,0.0,0.0,1.9,0.0,0.0,0.0,0,0,0,0,48358,0,0,0,0,39,SANPETE,2,South Sanpete County,3,Southeast Sanpete County,286,Manti Area,Balance of Sanpete
39169,169,1.9,5.4,2.93,0.0,0.0,0.0,0.0,3.3,0.0,0.0,0.0,0.0,0.0,0.0,0.0,0.0,1.9,0.0,1.3,0.1,0,0,0,0,48358,0,0,0,0,39,SANPETE,2,South Sanpete County,3,Southeast Sanpete County,286,Manti Area,Balance of Sanpete
39170,170,24.1,58.3,2.42,0.0,0.0,0.0,0.0,1.7,0.0,0.0,0.0,0.0,0.0,0.0,0.0,0.0,0.0,0.0,0.0,1.7,0,0,0,0,51790,0,0,0,0,39,SANPETE,2,South Sanpete County,3,Southeast Sanpete County,286,Manti Area,Balance of Sanpete
39171,171,0.0,0.0,0.00,0.0,0.0,0.0,0.0,0.0,0.0,0.0,0.0,0.0,0.0,0.0,0.0,0.0,0.0,0.0,0.0,0.0,0,0,0,0,48358,0,0,0,0,39,SANPETE,2,South Sanpete County,3,Southeast Sanpete County,286,Manti Area,Balance of Sanpete
39172,172,27.8,65.6,2.36,4.9,0.2,0.1,4.5,33.8,0.1,0.1,0.1,0.0,0.1,0.4,0.1,3.9,23.2,0.0,3.8,2.0,0,0,0,0,64737,0,0,0,0,39,SANPETE,2,South Sanpete County,3,Southeast Sanpete County,297,Sterling,Sterling
39173,173,36.9,113.9,3.09,0.0,0.0,0.0,0.0,27.0,0.0,0.0,0.0,0.0,0.0,0.0,0.0,0.0,23.2,0.0,1.3,2.6,0,0,0,0,64737,0,0,0,0,39,SANPETE,2,South Sanpete County,3,Southeast Sanpete County,297,Sterling,Sterling
39174,174,24.9,74.7,3.00,0.0,0.0,0.0,0.0,30.0,0.0,0.0,0.0,0.0,0.0,0.0,0.0,0.0,23.2,0.0,5.0,1.8,0,0,0,0,64737,0,0,0,0,39,SANPETE,2,South Sanpete County,3,Southeast Sanpete County,297,Sterling,Sterling
39175,175,40.2,97.1,2.42,0.0,0.0,0.0,0.0,31.1,0.0,0.0,0.0,0.0,0.0,0.0,0.0,0.0,23.2,0.0,5.0,2.9,0,0,0,0,64737,0,0,0,0,39,SANPETE,2,South Sanpete County,3,Southeast Sanpete County,297,Sterling,Sterling
39176,176,37.7,90.7,2.41,71.0,11.6,0.2,59.2,85.3,0.3,11.3,0.2,0.1,23.2,35.3,0.2,0.5,11.6,0.0,0.0,2.7,0,0,0,0,64737,0,0,0,0,39,SANPETE,2,South Sanpete County,3,Southeast Sanpete County,291,Sterling Area,Balance of Sanpete
39177,177,22.2,94.0,4.23,10.3,0.0,10.3,0.0,23.5,0.0,0.0,10.3,0.0,0.0,0.0,0.0,0.0,11.6,0.0,0.0,1.6,0,0,0,0,62280,0,0,0,0,39,SANPETE,2,South Sanpete County,3,Southeast Sanpete County,291,Sterling Area,Balance of Sanpete
39178,178,272.2,664.2,2.44,16.0,0.7,1.3,14.0,65.7,0.4,0.3,0.3,1.0,5.2,5.7,2.3,0.8,0.0,0.0,30.0,19.6,0,0,0,0,64737,0,0,0,0,39,SANPETE,2,South Sanpete County,3,Southeast Sanpete County,304,Mayfield,Mayfield
39179,179,11.9,52.4,4.42,0.0,0.0,0.0,0.0,6.7,0.0,0.0,0.0,0.0,0.0,0.0,0.0,0.0,5.8,0.0,0.0,0.9,0,0,0,0,64455,0,0,0,0,39,SANPETE,2,South Sanpete County,3,Southeast Sanpete County,300,Mayfield Area,Balance of Sanpete
39180,180,6.0,28.8,4.81,0.0,0.0,0.0,0.0,0.4,0.0,0.0,0.0,0.0,0.0,0.0,0.0,0.0,0.0,0.0,0.0,0.4,0,0,0,0,53586,0,0,0,0,39,SANPETE,2,South Sanpete County,3,Southeast Sanpete County,237,Balance of Sanpete,Balance of Sanpete
39181,181,0.0,0.0,0.00,0.0,0.0,0.0,0.0,0.0,0.0,0.0,0.0,0.0,0.0,0.0,0.0,0.0,0.0,0.0,0.0,0.0,0,0,0,0,64737,0,0,0,0,39,SANPETE,2,South Sanpete County,3,Southeast Sanpete County,237,Balance of Sanpete,Balance of Sanpete
39182,182,5.0,16.7,3.34,0.0,0.0,0.0,0.0,0.4,0.0,0.0,0.0,0.0,0.0,0.0,0.0,0.0,0.0,0.0,0.0,0.4,0,0,0,0,53802,0,0,0,0,39,SANPETE,2,South Sanpete County,3,Southeast Sanpete County,237,Balance of Sanpete,Balance of Sanpete
39183,183,2.0,6.9,3.44,0.0,0.0,0.0,0.0,0.1,0.0,0.0,0.0,0.0,0.0,0.0,0.0,0.0,0.0,0.0,0.0,0.1,0,0,0,0,51790,0,0,0,0,39,SANPETE,2,South Sanpete County,3,Southeast Sanpete County,237,Balance of Sanpete,Balance of Sanpete
39184,184,0.0,0.0,0.00,0.0,0.0,0.0,0.0,0.0,0.0,0.0,0.0,0.0,0.0,0.0,0.0,0.0,0.0,0.0,0.0,0.0,0,0,0,0,64737,0,0,0,0,39,SANPETE,2,South Sanpete County,3,Southeast Sanpete County,237,Balance of Sanpete,Balance of Sanpete
39185,185,29.0,89.1,3.07,1.0,0.0,0.0,1.0,3.1,0.0,0.0,0.0,0.0,0.0,0.0,1.0,0.0,0.0,0.0,0.0,2.1,0,0,0,0,64737,0,0,0,0,39,SANPETE,2,South Sanpete County,3,Southeast Sanpete County,237,Balance of Sanpete,Balance of Sanpete
39186,186,0.0,0.0,0.00,0.0,0.0,0.0,0.0,0.0,0.0,0.0,0.0,0.0,0.0,0.0,0.0,0.0,0.0,0.0,0.0,0.0,0,0,0,0,64737,0,0,0,0,39,SANPETE,2,South Sanpete County,3,Southeast Sanpete County,237,Balance of Sanpete,Balance of Sanpete
39187,187,4.0,22.0,5.49,0.0,0.0,0.0,0.0,11.9,0.0,0.0,0.0,0.0,0.0,0.0,0.0,0.0,11.6,0.0,0.0,0.3,0,0,0,0,64737,0,0,0,0,39,SANPETE,2,South Sanpete County,3,Southeast Sanpete County,237,Balance of Sanpete,Balance of Sanpete
39188,188,0.0,0.0,0.00,0.0,0.0,0.0,0.0,0.0,0.0,0.0,0.0,0.0,0.0,0.0,0.0,0.0,0.0,0.0,0.0,0.0,0,0,0,0,64737,0,0,0,0,39,SANPETE,2,South Sanpete County,3,Southeast Sanpete County,237,Balance of Sanpete,Balance of Sanpete
39189,189,24.1,37.8,1.57,0.0,0.0,0.0,0.0,1.7,0.0,0.0,0.0,0.0,0.0,0.0,0.0,0.0,0.0,0.0,0.0,1.7,0,0,0,0,64737,0,0,0,0,39,SANPETE,2,South Sanpete County,3,Southeast Sanpete County,237,Balance of Sanpete,Balance of Sanpete
39190,190,113.1,355.4,3.14,8.0,0.5,5.5,2.0,51.8,0.3,0.2,0.2,5.3,0.2,0.9,0.2,0.6,23.2,0.0,12.5,8.1,0,0,0,0,45422,0,0,0,0,39,SANPETE,2,South Sanpete County,4,Southwest Sanpete County,294,Fayette,Fayette
39191,191,10.5,13.4,1.27,0.0,0.0,0.0,0.0,13.7,0.0,0.0,0.0,0.0,0.0,0.0,0.0,0.0,11.6,0.0,1.3,0.8,0,0,0,0,45422,0,0,0,0,39,SANPETE,2,South Sanpete County,4,Southwest Sanpete County,283,Fayette Area,Balance of Sanpete
39192,192,1.7,4.9,2.97,942.0,24.5,138.1,779.3,959.5,15.6,8.9,134.7,3.4,11.9,726.4,11.6,29.4,17.4,0.0,0.0,0.1,0,0,0,0,62762,0,0,0,0,39,SANPETE,2,South Sanpete County,4,Southwest Sanpete County,299,Gunnison,Gunnison
39193,193,267.7,796.8,2.98,266.4,64.8,39.9,161.7,316.2,45.4,19.3,5.9,33.9,4.2,15.9,5.3,136.2,23.2,0.0,7.5,19.2,0,0,0,0,61806,0,0,0,0,39,SANPETE,2,South Sanpete County,4,Southwest Sanpete County,299,Gunnison,Gunnison
39194,194,382.6,1169.6,3.06,494.1,75.5,25.6,393.0,557.9,57.1,18.4,8.9,16.7,30.9,35.8,264.0,62.3,0.0,0.0,36.3,27.5,0,0,0,0,62244,0,0,0,0,39,SANPETE,2,South Sanpete County,4,Southwest Sanpete County,299,Gunnison,Gunnison
39195,195,87.3,188.7,2.16,365.3,120.4,54.0,191.0,439.5,99.5,20.8,7.4,46.6,36.8,88.2,7.7,58.3,46.6,0.0,21.3,6.3,0,0,0,0,66406,0,0,0,0,39,SANPETE,2,South Sanpete County,4,Southwest Sanpete County,299,Gunnison,Gunnison
39196,196,128.9,407.8,3.16,350.1,57.5,26.0,266.6,392.0,26.5,30.9,19.9,6.1,21.6,171.0,20.9,53.1,0.0,0.0,32.5,9.3,0,0,0,0,66406,506,277,322,0,39,SANPETE,2,South Sanpete County,4,Southwest Sanpete County,299,Gunnison,Gunnison
39197,197,6.0,11.5,1.91,0.0,0.0,0.0,0.0,24.8,0.0,0.0,0.0,0.0,0.0,0.0,0.0,0.0,23.2,0.0,1.3,0.4,0,0,0,0,45422,0,0,0,0,39,SANPETE,2,South Sanpete County,4,Southwest Sanpete County,296,Gunnison Area,Balance of Sanpete
39198,198,4.0,11.8,2.93,4.6,0.0,0.0,4.6,6.2,0.0,0.0,0.0,0.0,0.0,4.6,0.0,0.0,0.0,0.0,1.3,0.3,0,0,0,0,62199,0,0,0,0,39,SANPETE,2,South Sanpete County,4,Southwest Sanpete County,296,Gunnison Area,Balance of Sanpete
39199,199,284.3,767.8,2.70,146.4,11.0,2.4,133.0,230.4,2.5,8.5,1.9,0.6,44.1,15.6,62.2,11.1,19.7,0.0,43.8,20.4,0,0,0,0,66406,0,0,0,0,39,SANPETE,2,South Sanpete County,4,Southwest Sanpete County,303,Centerfield,Centerfield
39200,200,301.9,962.7,3.19,109.1,24.9,25.2,59.0,155.1,22.1,2.9,7.9,17.3,3.8,14.3,14.8,26.0,0.0,1.8,22.5,21.7,0,0,0,0,66406,0,0,0,0,39,SANPETE,2,South Sanpete County,4,Southwest Sanpete County,303,Centerfield,Centerfield
39201,201,20.6,45.3,2.20,0.0,0.0,0.0,0.0,29.7,0.0,0.0,0.0,0.0,0.0,0.0,0.0,0.0,23.2,0.0,5.0,1.5,0,0,0,0,45422,0,0,0,0,39,SANPETE,2,South Sanpete County,4,Southwest Sanpete County,301,Centerfield Area,Balance of Sanpete
39202,202,10.8,39.7,3.66,0.0,0.0,0.0,0.0,26.5,0.0,0.0,0.0,0.0,0.0,0.0,0.0,0.0,23.2,0.0,2.5,0.8,0,0,0,0,61160,0,0,0,0,39,SANPETE,2,South Sanpete County,4,Southwest Sanpete County,301,Centerfield Area,Balance of Sanpete
39203,203,21.1,69.9,3.32,8.7,0.1,0.1,8.6,37.1,0.1,0.0,0.0,0.0,0.0,0.2,1.0,7.4,23.2,0.0,3.8,1.5,0,0,0,0,66406,0,0,0,0,39,SANPETE,2,South Sanpete County,4,Southwest Sanpete County,301,Centerfield Area,Balance of Sanpete
39204,204,14.5,44.1,3.03,0.0,0.0,0.0,0.0,27.9,0.0,0.0,0.0,0.0,0.0,0.0,0.0,0.0,23.2,0.0,3.8,1.0,0,0,0,0,45422,0,0,0,0,39,SANPETE,2,South Sanpete County,4,Southwest Sanpete County,301,Centerfield Area,Balance of Sanpete
39205,205,52.9,137.9,2.61,0.0,0.0,0.0,0.0,29.5,0.0,0.0,0.0,0.0,0.0,0.0,0.0,0.0,23.2,0.0,2.5,3.8,0,0,0,0,45422,0,0,0,0,39,SANPETE,2,South Sanpete County,4,Southwest Sanpete County,301,Centerfield Area,Balance of Sanpete
39206,206,42.9,129.1,3.01,0.0,0.0,0.0,0.0,28.8,0.0,0.0,0.0,0.0,0.0,0.0,0.0,0.0,23.2,0.0,2.5,3.1,0,0,0,0,45422,0,0,0,0,39,SANPETE,2,South Sanpete County,4,Southwest Sanpete County,301,Centerfield Area,Balance of Sanpete
39207,207,15.3,32.3,2.11,3.6,0.0,0.0,3.6,4.7,0.0,0.0,0.0,0.0,0.0,0.0,0.0,3.6,0.0,0.0,0.0,1.1,0,0,0,0,45422,0,0,0,0,39,SANPETE,2,South Sanpete County,4,Southwest Sanpete County,237,Balance of Sanpete,Balance of Sanpete
39208,208,0.0,0.0,0.00,0.0,0.0,0.0,0.0,0.0,0.0,0.0,0.0,0.0,0.0,0.0,0.0,0.0,0.0,0.0,0.0,0.0,0,0,0,0,45422,0,0,0,0,39,SANPETE,2,South Sanpete County,4,Southwest Sanpete County,237,Balance of Sanpete,Balance of Sanpete
